{"type":"Topology","arcs":[],"objects":{"airports":{"type":"GeometryCollection","geometries":[{"type":"Point","coordinates":[75.95707224036518,30.850359856170176],"properties":{"id":"LUH"}},{"type":"Point","coordinates":[75.93305977107549,17.625415183635024],"properties":{"id":"SSE"}},{"type":"Point","coordinates":[85.3235970368767,23.317724598996193],"properties":{"id":"IXR"}},{"type":"Point","coordinates":[48.74710654359313,31.343158556075725],"properties":{"id":"AWZ"}},{"type":"Point","coordinates":[78.21721865463483,26.28548769793701],"properties":{"id":"GWL"}},{"type":"Point","coordinates":[42.97109630194003,14.755253441372462],"properties":{"id":"HOD"}},{"type":"Point","coordinates":[75.8092915005895,22.72774918757095],"properties":{"id":"IDR"}},{"type":"Point","coordinates":[73.81056749246886,19.966020567280626],"properties":{"id":"ISK"}},{"type":"Point","coordinates":[76.80172611052417,30.670724894966725],"properties":{"id":"IXC"}},{"type":"Point","coordinates":[75.39584329220051,19.867296962108234],"properties":{"id":"IXU"}},{"type":"Point","coordinates":[72.9878190922305,31.362743548086222],"properties":{"id":"LYP"}},{"type":"Point","coordinates":[73.3163595376585,54.95764829340594],"properties":{"id":"OMS"}},{"type":"Point","coordinates":[82.66715245258652,55.00958471362636],"properties":{"id":"OVB"}},{"type":"Point","coordinates":[35.30187285752786,47.873263557902284],"properties":{"id":"OZH"}},{"type":"Point","coordinates":[101.44656929844086,0.464600872998505],"properties":{"id":"PKU"}},{"type":"Point","coordinates":[145.24398029858185,14.171771297121616],"properties":{"id":"ROP"}},{"type":"Point","coordinates":[73.40849647643748,61.340167219448126],"properties":{"id":"SGC"}},{"type":"Point","coordinates":[78.7089578747476,10.76035713065535],"properties":{"id":"TRZ"}},{"type":"Point","coordinates":[63.027933351918136,25.988794590011004],"properties":{"id":"TUK"}},{"type":"Point","coordinates":[66.94873114809494,30.249043186181034],"properties":{"id":"UET"}},{"type":"Point","coordinates":[60.90070856491495,29.475294195657344],"properties":{"id":"ZAH"}},{"type":"Point","coordinates":[112.71141861725775,-7.929980028405668],"properties":{"id":"MLG"}},{"type":"Point","coordinates":[83.55045321240377,53.3633850813046],"properties":{"id":"BAX"}},{"type":"Point","coordinates":[75.75848284560045,31.43294223977149],"properties":{"id":"VIAX"}},{"type":"Point","coordinates":[79.45200268765704,28.421808716114356],"properties":{"id":"VIBY"}},{"type":"Point","coordinates":[73.03204983920023,33.56141462788605],"properties":{"id":"OPQS"}},{"type":"Point","coordinates":[127.49591612468085,36.72202277666726],"properties":{"id":"CJJ"}},{"type":"Point","coordinates":[126.81083948122644,35.14000513901977],"properties":{"id":"KWJ"}},{"type":"Point","coordinates":[128.63753769993312,35.89992779690866],"properties":{"id":"TAE"}},{"type":"Point","coordinates":[129.35573104752825,35.59289575271069],"properties":{"id":"USN"}},{"type":"Point","coordinates":[105.17606041916142,-5.242566777131995],"properties":{"id":"WIIT"}},{"type":"Point","coordinates":[81.73172714621872,25.443522027820965],"properties":{"id":"IXD"}},{"type":"Point","coordinates":[61.51225897402009,55.29779194960553],"properties":{"id":"CEK"}},{"type":"Point","coordinates":[120.20973331809326,22.950667918346994],"properties":{"id":"TNN"}},{"type":"Point","coordinates":[120.63070354758395,24.26665555671146],"properties":{"id":"RMQ"}},{"type":"Point","coordinates":[4.433844349628765,51.94913018993815],"properties":{"id":"RTM"}},{"type":"Point","coordinates":[39.22544964479734,51.81261712683441],"properties":{"id":"VOZ"}},{"type":"Point","coordinates":[-2.858620657849379,53.336375105442215],"properties":{"id":"LPL"}},{"type":"Point","coordinates":[83.2235216387465,17.7279577384364],"properties":{"id":"VTZ"}},{"type":"Point","coordinates":[119.54569134215063,-5.058936894557788],"properties":{"id":"UPG"}},{"type":"Point","coordinates":[-173.96809394415877,-18.586005855065373],"properties":{"id":"VAV"}},{"type":"Point","coordinates":[-1.71034578407216,55.037084860801954],"properties":{"id":"NCL"}},{"type":"Point","coordinates":[-86.8514685020011,15.74515966591258],"properties":{"id":"LCE"}},{"type":"Point","coordinates":[39.69913595604174,24.54423396056608],"properties":{"id":"MED"}},{"type":"Point","coordinates":[-74.02873829848139,45.68322509792671],"properties":{"id":"YMX"}},{"type":"Point","coordinates":[21.09744639862514,55.971342623535804],"properties":{"id":"PLQ"}},{"type":"Point","coordinates":[75.80101041926682,26.821179810060464],"properties":{"id":"JAI"}},{"type":"Point","coordinates":[86.17246623637757,22.815414511024233],"properties":{"id":"IXW"}},{"type":"Point","coordinates":[29.54492,40.255539500747304],"properties":{"id":"YEI"}},{"type":"Point","coordinates":[35.29696142683381,36.9852090641795],"properties":{"id":"ADA"}},{"type":"Point","coordinates":[-152.4856385152345,57.74859210704827],"properties":{"id":"ADQ"}},{"type":"Point","coordinates":[-101.70535277269678,35.218403191939814],"properties":{"id":"AMA"}},{"type":"Point","coordinates":[133.902918,-23.801968],"properties":{"id":"ASP"}},{"type":"Point","coordinates":[74.80715597198244,31.706822025888847],"properties":{"id":"ATQ"}},{"type":"Point","coordinates":[85.81688995444293,20.252665975473413],"properties":{"id":"BBI"}},{"type":"Point","coordinates":[-161.8389869594397,60.77873798340883],"properties":{"id":"BET"}},{"type":"Point","coordinates":[-73.18092077253607,7.127709154026846],"properties":{"id":"BGA"}},{"type":"Point","coordinates":[-86.75237736154624,33.56186728280577],"properties":{"id":"BHM"}},{"type":"Point","coordinates":[141.47040730309726,-31.998996737463017],"properties":{"id":"BHQ"}},{"type":"Point","coordinates":[-108.53692938812462,45.803685571527836],"properties":{"id":"BIL"}},{"type":"Point","coordinates":[-100.75747130371745,46.77510666616138],"properties":{"id":"BIS"}},{"type":"Point","coordinates":[-101.47875338246688,20.98588712119381],"properties":{"id":"BJX"}},{"type":"Point","coordinates":[5.603682560067003,6.317166892078184],"properties":{"id":"BNI"}},{"type":"Point","coordinates":[27.51640936629526,42.56708354877019],"properties":{"id":"BOJ"}},{"type":"Point","coordinates":[8.7858617703132,53.052287104156015],"properties":{"id":"BRE"}},{"type":"Point","coordinates":[-69.356102,10.0453],"properties":{"id":"BRM"}},{"type":"Point","coordinates":[-97.43176534023202,25.906274354534673],"properties":{"id":"BRO"}},{"type":"Point","coordinates":[-2.710864691343084,51.38629341891484],"properties":{"id":"BRS"}},{"type":"Point","coordinates":[-91.15675440481048,30.532613804058556],"properties":{"id":"BTR"}},{"type":"Point","coordinates":[17.19998500222079,48.16983790625349],"properties":{"id":"BTS"}},{"type":"Point","coordinates":[-73.15507877906677,44.469206604073214],"properties":{"id":"BTV"}},{"type":"Point","coordinates":[-81.10933524293772,33.934205458427535],"properties":{"id":"CAE"}},{"type":"Point","coordinates":[75.95099306305104,11.1395520526064],"properties":{"id":"CCJ"}},{"type":"Point","coordinates":[96.82874721442073,-12.185158595329305],"properties":{"id":"CCK"}},{"type":"Point","coordinates":[19.914756164166214,39.60675545052586],"properties":{"id":"CFU"}},{"type":"Point","coordinates":[125.69045681299836,43.99301147957697],"properties":{"id":"CGQ"}},{"type":"Point","coordinates":[-80.03693374382624,32.884530156296464],"properties":{"id":"CHS"}},{"type":"Point","coordinates":[77.03889377226204,11.030141512598268],"properties":{"id":"CJB"}},{"type":"Point","coordinates":[23.68698126804856,46.78266263402428],"properties":{"id":"CLJ"}},{"type":"Point","coordinates":[-77.84510399351666,21.424703728196057],"properties":{"id":"CMW"}},{"type":"Point","coordinates":[-106.46444480969178,42.89719004830057],"properties":{"id":"CPR"}},{"type":"Point","coordinates":[120.55077022391397,15.187642242388833],"properties":{"id":"CRK"}},{"type":"Point","coordinates":[-81.5964164667526,38.37059143728646],"properties":{"id":"CRW"}},{"type":"Point","coordinates":[15.067460500705343,37.470072800341015],"properties":{"id":"CTA"}},{"type":"Point","coordinates":[-88.3242600415365,18.506434233376005],"properties":{"id":"CTM"}},{"type":"Point","coordinates":[-3.339568764291176,51.39862209110174],"properties":{"id":"CWL"}},{"type":"Point","coordinates":[-79.87946163800297,19.68986539628435],"properties":{"id":"CYB"}},{"type":"Point","coordinates":[-86.93040640704362,20.51155437716472],"properties":{"id":"CZM"}},{"type":"Point","coordinates":[-84.22045942381024,39.8990402865362],"properties":{"id":"DAY"}},{"type":"Point","coordinates":[148.569717,-32.218681],"properties":{"id":"DBO"}},{"type":"Point","coordinates":[-77.04333739256312,38.853716201212265],"properties":{"id":"DCA"}},{"type":"Point","coordinates":[-104.53384602496385,24.12619483261825],"properties":{"id":"DGO"}},{"type":"Point","coordinates":[35.09390602249747,48.36757180211169],"properties":{"id":"DNK"}},{"type":"Point","coordinates":[37.744808557210334,48.06916712855819],"properties":{"id":"DOK"}},{"type":"Point","coordinates":[-56.49926362137442,-33.35910844755007],"properties":{"id":"DZO"}},{"type":"Point","coordinates":[-3.364284685135545,55.9485540113639],"properties":{"id":"EDI"}},{"type":"Point","coordinates":[-64.53715143657945,18.444361855798306],"properties":{"id":"EIS"}},{"type":"Point","coordinates":[-115.78647923224912,40.82760588152249],"properties":{"id":"EKO"}},{"type":"Point","coordinates":[-116.59572440041782,31.797713976056865],"properties":{"id":"ESE"}},{"type":"Point","coordinates":[-7.2708,62.0625],"properties":{"id":"FAE"}},{"type":"Point","coordinates":[-96.8254561269675,46.919817881132275],"properties":{"id":"FAR"}},{"type":"Point","coordinates":[-119.72000132357581,36.76981283739594],"properties":{"id":"FAT"}},{"type":"Point","coordinates":[-111.6746561716751,35.13891167579759],"properties":{"id":"FLG"}},{"type":"Point","coordinates":[-89.87784042265082,16.914974164222567],"properties":{"id":"FRS"}},{"type":"Point","coordinates":[-96.73138310175408,43.58019349727632],"properties":{"id":"FSD"}},{"type":"Point","coordinates":[-117.53683662858516,47.62547812783678],"properties":{"id":"GEG"}},{"type":"Point","coordinates":[-75.87261308530395,23.56388290692585],"properties":{"id":"GGT"}},{"type":"Point","coordinates":[-5.346771800333878,36.15127475041734],"properties":{"id":"GIB"}},{"type":"Point","coordinates":[-85.52957320727401,42.88477760209079],"properties":{"id":"GRR"}},{"type":"Point","coordinates":[-79.93648675774836,36.105378199893245],"properties":{"id":"GSO"}},{"type":"Point","coordinates":[-111.35668472784,47.482270729263035],"properties":{"id":"GTF"}},{"type":"Point","coordinates":[37.473803252189995,36.945363344687536],"properties":{"id":"GZT"}},{"type":"Point","coordinates":[75.08631556802813,15.359183338622918],"properties":{"id":"HBX"}},{"type":"Point","coordinates":[100.39375127467132,6.93634231940664],"properties":{"id":"HDY"}},{"type":"Point","coordinates":[117.30419701588772,31.77985767957784],"properties":{"id":"HFE"}},{"type":"Point","coordinates":[33.807160641411784,27.18042609181859],"properties":{"id":"HRG"}},{"type":"Point","coordinates":[36.28220107735029,49.92153606315507],"properties":{"id":"HRK"}},{"type":"Point","coordinates":[-86.77494305633734,34.648334460931935],"properties":{"id":"HSV"}},{"type":"Point","coordinates":[3.973813343322902,7.360343972693927],"properties":{"id":"IBA"}},{"type":"Point","coordinates":[-97.4287387683976,37.6529279603903],"properties":{"id":"ICT"}},{"type":"Point","coordinates":[-77.91037565604692,34.266784067199566],"properties":{"id":"ILM"}},{"type":"Point","coordinates":[4.494840388199345,8.435376519352406],"properties":{"id":"ILR"}},{"type":"Point","coordinates":[-93.39800275527939,48.56599308484143],"properties":{"id":"INL"}},{"type":"Point","coordinates":[-4.063591755871405,57.53950029234238],"properties":{"id":"INV"}},{"type":"Point","coordinates":[-115.57199556657955,32.8339586685524],"properties":{"id":"IPL"}},{"type":"Point","coordinates":[74.8423077638915,32.68104288862249],"properties":{"id":"IXJ"}},{"type":"Point","coordinates":[78.09113949371941,9.837186278775658],"properties":{"id":"IXM"}},{"type":"Point","coordinates":[73.05054918956712,26.26376234583514],"properties":{"id":"JDH"}},{"type":"Point","coordinates":[80.0587438885277,23.1845328746465],"properties":{"id":"JLR"}},{"type":"Point","coordinates":[37.06518960677478,-3.424444959981779],"properties":{"id":"JRO"}},{"type":"Point","coordinates":[7.325253474074342,10.694619286239067],"properties":{"id":"KAD"}},{"type":"Point","coordinates":[22.47833324826895,-5.900166562270408],"properties":{"id":"KGA"}},{"type":"Point","coordinates":[-1.592575265823615,6.714606387503645],"properties":{"id":"KMS"}},{"type":"Point","coordinates":[-71.4806025354969,-32.94839176513599],"properties":{"id":"KNA"}},{"type":"Point","coordinates":[80.36753387720022,26.43883344670418],"properties":{"id":"KNU"}},{"type":"Point","coordinates":[-156.04088947105768,19.737099139944235],"properties":{"id":"KOA"}},{"type":"Point","coordinates":[-2.901378495245077,58.95442887883035],"properties":{"id":"KOI"}},{"type":"Point","coordinates":[75.85049779445515,25.16341871667427],"properties":{"id":"KTU"}},{"type":"Point","coordinates":[32.575673266968714,37.98399455316949],"properties":{"id":"KYA"}},{"type":"Point","coordinates":[-84.59826819187857,38.03742731813716],"properties":{"id":"LEX"}},{"type":"Point","coordinates":[-159.34908429052206,21.978124316208824],"properties":{"id":"LIH"}},{"type":"Point","coordinates":[-92.22058813192886,34.728430041517875],"properties":{"id":"LIT"}},{"type":"Point","coordinates":[-109.08269464526103,25.68850882609902],"properties":{"id":"LMM"}},{"type":"Point","coordinates":[-101.46496003175058,26.955392716069884],"properties":{"id":"LOV"}},{"type":"Point","coordinates":[-99.45566039765133,27.54366571758247],"properties":{"id":"LRD"}},{"type":"Point","coordinates":[-1.288060688387535,59.87668995989993],"properties":{"id":"LSI"}},{"type":"Point","coordinates":[35.944240709666296,35.407311459674354],"properties":{"id":"LTK"}},{"type":"Point","coordinates":[-0.376227267397439,51.8802952570969],"properties":{"id":"LTN"}},{"type":"Point","coordinates":[15.495229,78.246717],"properties":{"id":"LYR"}},{"type":"Point","coordinates":[-77.91839076357516,18.501154929824885],"properties":{"id":"MBJ"}},{"type":"Point","coordinates":[95.97065359502169,21.705549068027405],"properties":{"id":"MDL"}},{"type":"Point","coordinates":[-87.74212668856121,41.78834925974092],"properties":{"id":"MDW"}},{"type":"Point","coordinates":[-80.68338459957742,-0.949557002112883],"properties":{"id":"MEC"}},{"type":"Point","coordinates":[-86.39030746026862,32.304587990963064],"properties":{"id":"MGM"}},{"type":"Point","coordinates":[-71.43752390918567,42.92791399458855],"properties":{"id":"MHT"}},{"type":"Point","coordinates":[13.085139016247085,11.853471318852687],"properties":{"id":"DNMA"}},{"type":"Point","coordinates":[23.572109198905228,-6.124845413488115],"properties":{"id":"MJM"}},{"type":"Point","coordinates":[-101.29138553129988,48.25560492128391],"properties":{"id":"MOT"}},{"type":"Point","coordinates":[-114.08369492365063,46.91876047688307],"properties":{"id":"MSO"}},{"type":"Point","coordinates":[-115.24787404784124,32.628564332460684],"properties":{"id":"MXL"}},{"type":"Point","coordinates":[8.712959535024368,45.62744051403809],"properties":{"id":"MXP"}},{"type":"Point","coordinates":[167.94339411620473,-29.035159255527493],"properties":{"id":"NLK"}},{"type":"Point","coordinates":[11.077417973909556,49.49450521703445],"properties":{"id":"NUE"}},{"type":"Point","coordinates":[30.676830831020588,46.44062687591064],"properties":{"id":"ODS"}},{"type":"Point","coordinates":[153.5128762643033,-28.166516854020163],"properties":{"id":"OOL"}},{"type":"Point","coordinates":[-0.60679696443112,35.62027473127345],"properties":{"id":"ORN"}},{"type":"Point","coordinates":[85.09090213146632,25.594443429560453],"properties":{"id":"PAT"}},{"type":"Point","coordinates":[-58.0685346825257,-32.36145452927226],"properties":{"id":"PDU"}},{"type":"Point","coordinates":[32.483232206492644,34.71340128173351],"properties":{"id":"PFO"}},{"type":"Point","coordinates":[104.69912832676162,-2.899993450059967],"properties":{"id":"PLM"}},{"type":"Point","coordinates":[29.45334036456435,-23.858986270165953],"properties":{"id":"PTG"}},{"type":"Point","coordinates":[-68.3632351074649,18.56303903398704],"properties":{"id":"PUJ"}},{"type":"Point","coordinates":[-100.18735943002979,20.62246607127796],"properties":{"id":"QRO"}},{"type":"Point","coordinates":[70.7799548311565,22.309281698836052],"properties":{"id":"RAJ"}},{"type":"Point","coordinates":[-77.33311963811302,37.50828997509012],"properties":{"id":"RIC"}},{"type":"Point","coordinates":[88.61380457044305,24.44480686230351],"properties":{"id":"RJH"}},{"type":"Point","coordinates":[-77.66524450621966,43.127551982648235],"properties":{"id":"ROC"}},{"type":"Point","coordinates":[150.478897,-23.378599],"properties":{"id":"ROK"}},{"type":"Point","coordinates":[39.80351444453908,47.255111951975394],"properties":{"id":"ROV"}},{"type":"Point","coordinates":[46.03502324989101,51.560645650884204],"properties":{"id":"RTW"}},{"type":"Point","coordinates":[-87.92723651254093,15.455863052488276],"properties":{"id":"SAP"}},{"type":"Point","coordinates":[-119.83660158079981,34.42573129787832],"properties":{"id":"SBA"}},{"type":"Point","coordinates":[-148.457855,70.19751],"properties":{"id":"SCC"}},{"type":"Point","coordinates":[-50.694199,67.018097],"properties":{"id":"SFJ"}},{"type":"Point","coordinates":[-93.3826379012003,37.24214449030243],"properties":{"id":"SGF"}},{"type":"Point","coordinates":[-93.82852222295027,32.45457988665127],"properties":{"id":"SHV"}},{"type":"Point","coordinates":[33.99605292445367,45.020217397816495],"properties":{"id":"SIP"}},{"type":"Point","coordinates":[-135.365692,57.05349],"properties":{"id":"SIT"}},{"type":"Point","coordinates":[-109.71785838690921,23.162657448359653],"properties":{"id":"SJD"}},{"type":"Point","coordinates":[-123.00787147940393,44.91051384521425],"properties":{"id":"SLE"}},{"type":"Point","coordinates":[-100.93226054858748,25.54799764199738],"properties":{"id":"SLW"}},{"type":"Point","coordinates":[-8.922428855576857,52.693453710253166],"properties":{"id":"SNN"}},{"type":"Point","coordinates":[167.22089491937467,-15.505538737085832],"properties":{"id":"SON"}},{"type":"Point","coordinates":[110.37855625566573,-6.978734849569817],"properties":{"id":"SRG"}},{"type":"Point","coordinates":[74.78262436723114,33.98309094316232],"properties":{"id":"SXR"}},{"type":"Point","coordinates":[-92.370003,14.791128133877267],"properties":{"id":"TAP"}},{"type":"Point","coordinates":[19.246686861887266,42.367933519542824],"properties":{"id":"TGD"}},{"type":"Point","coordinates":[-84.34499539848576,30.395557617693783],"properties":{"id":"TLH"}},{"type":"Point","coordinates":[7.644162303621328,45.19166007346417],"properties":{"id":"TRN"}},{"type":"Point","coordinates":[112.62589153931525,37.754511779151215],"properties":{"id":"TYN"}},{"type":"Point","coordinates":[-45.41640089231083,61.16259683373283],"properties":{"id":"UAK"}},{"type":"Point","coordinates":[101.00020929048034,12.685293091266386],"properties":{"id":"UTP"}},{"type":"Point","coordinates":[25.846767720882564,-18.099015598368197],"properties":{"id":"VFA"}},{"type":"Point","coordinates":[80.7973080000675,16.528642778235014],"properties":{"id":"VGA"}},{"type":"Point","coordinates":[82.85387419135274,25.449907732982243],"properties":{"id":"VNS"}},{"type":"Point","coordinates":[-81.43671038506231,23.039542233963147],"properties":{"id":"VRA"}},{"type":"Point","coordinates":[-92.81906758362618,17.993066011311075],"properties":{"id":"VSA"}},{"type":"Point","coordinates":[-99.94589590024634,49.904727941027694],"properties":{"id":"YBR"}},{"type":"Point","coordinates":[-113.47883905449686,53.67491566186677],"properties":{"id":"YED"}},{"type":"Point","coordinates":[-68.53672924418116,63.751152353780704],"properties":{"id":"YFB"}},{"type":"Point","coordinates":[-79.92642309599673,43.16336053050961],"properties":{"id":"YHM"}},{"type":"Point","coordinates":[-111.22384004661691,56.65631713909619],"properties":{"id":"YMM"}},{"type":"Point","coordinates":[121.37204741777312,37.407704472692394],"properties":{"id":"YNT"}},{"type":"Point","coordinates":[-117.4436632080815,56.231924036744985],"properties":{"id":"YPE"}},{"type":"Point","coordinates":[-64.68866968073613,46.11620596392595],"properties":{"id":"YQM"}},{"type":"Point","coordinates":[-60.04693721170264,46.16734058905036],"properties":{"id":"YQY"}},{"type":"Point","coordinates":[-94.97080232440061,74.71818609875942],"properties":{"id":"YRB"}},{"type":"Point","coordinates":[-111.96105993815773,60.01987496024426],"properties":{"id":"YSM"}},{"type":"Point","coordinates":[-97.860733,55.797482],"properties":{"id":"YTH"}},{"type":"Point","coordinates":[-81.372047,48.566158],"properties":{"id":"YTS"}},{"type":"Point","coordinates":[-86.25,66.533302],"properties":{"id":"YUT"}},{"type":"Point","coordinates":[-68.433342,58.101959],"properties":{"id":"YVP"}},{"type":"Point","coordinates":[-66.873009,52.926071],"properties":{"id":"YWK"}},{"type":"Point","coordinates":[-113.52297368858079,53.57094365828116],"properties":{"id":"YXD"}},{"type":"Point","coordinates":[-120.736439,56.246035],"properties":{"id":"YXJ"}},{"type":"Point","coordinates":[-79.42491,46.358711],"properties":{"id":"YYB"}},{"type":"Point","coordinates":[7.687267643105769,11.135295860107082],"properties":{"id":"ZAR"}},{"type":"Point","coordinates":[21.62819718582291,41.95645460815443],"properties":{"id":"SKP"}},{"type":"Point","coordinates":[86.97454677657299,23.631217910776442],"properties":{"id":"VE23"}},{"type":"Point","coordinates":[77.35078887791173,28.70779686010708],"properties":{"id":"VIDX"}},{"type":"Point","coordinates":[125.89082505748561,39.411965971056546],"properties":{"id":null}},{"type":"Point","coordinates":[19.403214874403695,51.727207045169955],"properties":{"id":"EPLL"}},{"type":"Point","coordinates":[76.87826400966476,43.355419083791865],"properties":{"id":"BXJ"}},{"type":"Point","coordinates":[130.4562047044068,46.843015022337944],"properties":{"id":"JMU"}},{"type":"Point","coordinates":[129.5801515322203,44.53429362999352],"properties":{"id":"MDG"}},{"type":"Point","coordinates":[33.29035276162853,69.0168711826804],"properties":{"id":"ULMM"}},{"type":"Point","coordinates":[43.145802,36.308601],"properties":{"id":"OSB"}},{"type":"Point","coordinates":[39.635399634366465,47.277420920286694],"properties":{"id":null}},{"type":"Point","coordinates":[39.797221534514875,47.1158577255835],"properties":{"id":null}},{"type":"Point","coordinates":[25.372837470430696,64.92879923588488],"properties":{"id":"OUL"}},{"type":"Point","coordinates":[-0.701793449075243,44.832110866267385],"properties":{"id":"BOD"}},{"type":"Point","coordinates":[6.954316120289373,43.54609798704497],"properties":{"id":"CEQ"}},{"type":"Point","coordinates":[0.158653528230218,49.361660998660916],"properties":{"id":"DOL"}},{"type":"Point","coordinates":[3.105964997998135,50.57164239295806],"properties":{"id":"LIL"}},{"type":"Point","coordinates":[1.373509185511527,43.63046256616009],"properties":{"id":"TLS"}},{"type":"Point","coordinates":[130.44418954188373,33.58481643325734],"properties":{"id":"FUK"}},{"type":"Point","coordinates":[132.419372741681,34.37138156288289],"properties":{"id":"HIW"}},{"type":"Point","coordinates":[136.9196283841399,35.254053205286695],"properties":{"id":"NKM"}},{"type":"Point","coordinates":[140.93024738136907,38.138207561528674],"properties":{"id":"SDJ"}},{"type":"Point","coordinates":[29.891348950040616,69.72383181136918],"properties":{"id":"KKN"}},{"type":"Point","coordinates":[-56.120177475472424,-15.651147019195495],"properties":{"id":"CGB"}},{"type":"Point","coordinates":[-48.544812204959904,-27.664627694163833],"properties":{"id":"FLN"}},{"type":"Point","coordinates":[-48.80164981656161,-26.224294137478456],"properties":{"id":"JOI"}},{"type":"Point","coordinates":[-34.9488925911125,-7.146174624020474],"properties":{"id":"JPA"}},{"type":"Point","coordinates":[-35.24884101653892,-5.899120544771162],"properties":{"id":"NAT"}},{"type":"Point","coordinates":[-8.671272407196472,41.23687089204524],"properties":{"id":"OPO"}},{"type":"Point","coordinates":[-44.236234470049205,-2.583509210430185],"properties":{"id":"SLZ"}},{"type":"Point","coordinates":[-46.30527049310029,-23.9237590410637],"properties":{"id":"SSZ"}},{"type":"Point","coordinates":[-42.82124023178447,-5.06346299167191],"properties":{"id":"THE"}},{"type":"Point","coordinates":[-47.141079191101426,-23.00962390853391],"properties":{"id":"VCP"}},{"type":"Point","coordinates":[-40.28853687599133,-20.25741627594185],"properties":{"id":"VIX"}},{"type":"Point","coordinates":[-0.557230440363588,38.286640899392886],"properties":{"id":"ALC"}},{"type":"Point","coordinates":[-2.371601440591205,36.84776727096432],"properties":{"id":"LEI"}},{"type":"Point","coordinates":[-0.473474930771676,39.49145978844889],"properties":{"id":"VLC"}},{"type":"Point","coordinates":[20.335152295489802,67.8256066056432],"properties":{"id":"KRN"}},{"type":"Point","coordinates":[16.23394076958144,58.583380501754064],"properties":{"id":"NRK"}},{"type":"Point","coordinates":[107.57561185220892,-6.900424083534088],"properties":{"id":"BDO"}},{"type":"Point","coordinates":[-60.78007872165863,-32.91622697438119],"properties":{"id":"ROS"}},{"type":"Point","coordinates":[-35.79249512158329,-9.514941185401165],"properties":{"id":"MCZ"}},{"type":"Point","coordinates":[34.39011892672875,27.980404419916844],"properties":{"id":"SSH"}},{"type":"Point","coordinates":[34.775837899677896,29.594499056801894],"properties":{"id":"TCP"}},{"type":"Point","coordinates":[77.96090917650903,27.157727734749972],"properties":{"id":"AGR"}},{"type":"Point","coordinates":[73.2262889533239,22.33616400211708],"properties":{"id":"BDQ"}},{"type":"Point","coordinates":[47.156583516563856,34.34641677391081],"properties":{"id":"KSH"}},{"type":"Point","coordinates":[20.268039801851568,32.08727746065531],"properties":{"id":"BEN"}},{"type":"Point","coordinates":[50.1477245727844,26.270368085476772],"properties":{"id":"DHA"}},{"type":"Point","coordinates":[-57.98408211764924,-31.437388338779797],"properties":{"id":"STY"}},{"type":"Point","coordinates":[63.30735442387505,45.963573940312365],"properties":{"id":"BAIK"}},{"type":"Point","coordinates":[-80.6369680911892,28.516370477202706],"properties":{"id":"KSC"}},{"type":"Point","coordinates":[-52.76842968934524,5.239410012580352],"properties":{"id":"CSG"}},{"type":"Point","coordinates":[-70.00762285634964,12.503464363029721],"properties":{"id":"AUA"}},{"type":"Point","coordinates":[43.149712785995575,11.552101823017216],"properties":{"id":"JIB"}},{"type":"Point","coordinates":[-70.17863539553298,-20.547840087830867],"properties":{"id":"IQQ"}},{"type":"Point","coordinates":[29.309599142388944,40.90430035539573],"properties":{"id":"SAW"}},{"type":"Point","coordinates":[162.95704122507613,5.352009857182798],"properties":{"id":"KSA"}},{"type":"Point","coordinates":[179.19544202302,-8.52485415059424],"properties":{"id":"FUN"}},{"type":"Point","coordinates":[79.0537976421986,21.089931763008746],"properties":{"id":"NAG"}},{"type":"Point","coordinates":[98.30603849005591,8.107684759527347],"properties":{"id":"HKT"}},{"type":"Point","coordinates":[177.45115119805948,-17.752912947979222],"properties":{"id":"NAN"}},{"type":"Point","coordinates":[-102.3140937400579,21.701339032920746],"properties":{"id":"AGU"}},{"type":"Point","coordinates":[8.12314535436409,44.04587735981584],"properties":{"id":"ALL"}},{"type":"Point","coordinates":[35.989707162192985,31.722662160043214],"properties":{"id":"AMM"}},{"type":"Point","coordinates":[-70.3357301410959,-18.349206163957913],"properties":{"id":"ARI"}},{"type":"Point","coordinates":[-13.05117043233154,20.498270610156464],"properties":{"id":"ATR"}},{"type":"Point","coordinates":[-74.77655597826495,10.886677595941366],"properties":{"id":"BAQ"}},{"type":"Point","coordinates":[-71.16143008697632,-41.14599769581051],"properties":{"id":"BRC"}},{"type":"Point","coordinates":[-5.068942222753114,7.736104955550318],"properties":{"id":"BYK"}},{"type":"Point","coordinates":[-88.30820640330747,17.536068657552093],"properties":{"id":"BZE"}},{"type":"Point","coordinates":[-97.50226787102976,27.77445607008226],"properties":{"id":"CRP"}},{"type":"Point","coordinates":[-68.95687880727611,12.184834605201921],"properties":{"id":"CUR"}},{"type":"Point","coordinates":[-71.94366414497216,-13.538218699263911],"properties":{"id":"CUZ"}},{"type":"Point","coordinates":[39.207471503916466,-6.866720042491186],"properties":{"id":"DAR"}},{"type":"Point","coordinates":[-83.00396814177334,42.40909384319068],"properties":{"id":"DET"}},{"type":"Point","coordinates":[125.52485420918208,-8.549311574145644],"properties":{"id":"DIL"}},{"type":"Point","coordinates":[37.90025312894517,55.41415282230229],"properties":{"id":"DME"}},{"type":"Point","coordinates":[170.200027,-45.923431],"properties":{"id":"DUD"}},{"type":"Point","coordinates":[45.281786419789874,-12.80494743816432],"properties":{"id":"DZA"}},{"type":"Point","coordinates":[-106.39571467936567,31.799086027258937],"properties":{"id":"ELP"}},{"type":"Point","coordinates":[44.40006305369384,40.15236794518844],"properties":{"id":"EVN"}},{"type":"Point","coordinates":[-97.35513485615866,32.82075290479723],"properties":{"id":"FTW"}},{"type":"Point","coordinates":[-71.14613374488756,21.442123743906283],"properties":{"id":"GDT"}},{"type":"Point","coordinates":[-94.85540138762639,29.2671239212096],"properties":{"id":"GLS"}},{"type":"Point","coordinates":[29.240053495222842,-1.658317950020695],"properties":{"id":"GOM"}},{"type":"Point","coordinates":[13.372430937787765,9.33068867678854],"properties":{"id":"GOU"}},{"type":"Point","coordinates":[144.8058503570926,13.492646235946513],"properties":{"id":"GUM"}},{"type":"Point","coordinates":[-87.40835962474056,41.617793001516596],"properties":{"id":"GYY"}},{"type":"Point","coordinates":[43.274561217961576,-11.536639382912684],"properties":{"id":"HAH"}},{"type":"Point","coordinates":[147.50599619040787,-42.83760836948221],"properties":{"id":"HBA"}},{"type":"Point","coordinates":[160.04585512992452,-9.427575664001457],"properties":{"id":"HIR"}},{"type":"Point","coordinates":[30.445130518210362,50.412808165984956],"properties":{"id":"IEV"}},{"type":"Point","coordinates":[104.35585974800242,52.272889388224414],"properties":{"id":"IKT"}},{"type":"Point","coordinates":[-86.27340036508855,39.730204370396905],"properties":{"id":"IND"}},{"type":"Point","coordinates":[166.91613965881993,-0.545037226856384],"properties":{"id":"INU"}},{"type":"Point","coordinates":[-109.4300644100096,-27.158773838853794],"properties":{"id":"IPC"}},{"type":"Point","coordinates":[-65.09376654588122,-24.386101077584634],"properties":{"id":"JUJ"}},{"type":"Point","coordinates":[115.91197991860221,28.862489120066552],"properties":{"id":"KHN"}},{"type":"Point","coordinates":[102.74211757882347,24.99999611008102],"properties":{"id":"KMG"}},{"type":"Point","coordinates":[-1.659831067347459,53.86908194744343],"properties":{"id":"LBA"}},{"type":"Point","coordinates":[9.410223378207123,0.457139229503759],"properties":{"id":"LBV"}},{"type":"Point","coordinates":[1.25093205640014,6.16687362722297],"properties":{"id":"LFW"}},{"type":"Point","coordinates":[23.946126959894446,49.817850605000466],"properties":{"id":"LWO"}},{"type":"Point","coordinates":[171.28191937064796,7.068118485570912],"properties":{"id":"MAJ"}},{"type":"Point","coordinates":[113.57451294861951,22.15765725296336],"properties":{"id":"MFM"}},{"type":"Point","coordinates":[45.30363741862018,2.016353112149878],"properties":{"id":"MGQ"}},{"type":"Point","coordinates":[32.57419151947824,-25.924276711787034],"properties":{"id":"MPM"}},{"type":"Point","coordinates":[57.67698600766355,-20.431756779321564],"properties":{"id":"MRU"}},{"type":"Point","coordinates":[14.282844434020328,40.87807288436389],"properties":{"id":"NAP"}},{"type":"Point","coordinates":[-17.03343986915384,20.92905230643873],"properties":{"id":"NDB"}},{"type":"Point","coordinates":[121.46181938848366,29.820823190686056],"properties":{"id":"NGB"}},{"type":"Point","coordinates":[-15.95192592522014,18.09792317181745],"properties":{"id":"NKC"}},{"type":"Point","coordinates":[166.21723211869872,-22.013638624898107],"properties":{"id":"NOU"}},{"type":"Point","coordinates":[-122.21326125786332,37.71230369516912],"properties":{"id":"OAK"}},{"type":"Point","coordinates":[-117.5923276516506,34.06019110206596],"properties":{"id":"ONT"}},{"type":"Point","coordinates":[-8.490141999838173,51.84854054199235],"properties":{"id":"ORK"}},{"type":"Point","coordinates":[100.28545585179133,-0.786045714026273],"properties":{"id":"PDG"}},{"type":"Point","coordinates":[-25.696988219871116,37.743331647293275],"properties":{"id":"PDL"}},{"type":"Point","coordinates":[71.51881499126668,33.99140278895964],"properties":{"id":"PEW"}},{"type":"Point","coordinates":[-4.610971639010682,55.50889181051421],"properties":{"id":"PIK"}},{"type":"Point","coordinates":[-55.70607937485728,-22.551786560876014],"properties":{"id":"PMG"}},{"type":"Point","coordinates":[175.62128328195985,-40.32331788520548],"properties":{"id":"PMR"}},{"type":"Point","coordinates":[158.2033044909644,6.981306765121233],"properties":{"id":"PNI"}},{"type":"Point","coordinates":[-149.60975793242872,-17.55945776599425],"properties":{"id":"PPT"}},{"type":"Point","coordinates":[10.400134371805603,43.69832241576641],"properties":{"id":"PSA"}},{"type":"Point","coordinates":[37.216065757541976,19.576063653196776],"properties":{"id":"PZU"}},{"type":"Point","coordinates":[-23.486201988358683,14.944988935283243],"properties":{"id":"RAI"}},{"type":"Point","coordinates":[-8.024605359079887,31.60229465977643],"properties":{"id":"RAK"}},{"type":"Point","coordinates":[-159.7981563083873,-21.20098217246316],"properties":{"id":"RAR"}},{"type":"Point","coordinates":[103.81578052811155,13.408796969353801],"properties":{"id":"REP"}},{"type":"Point","coordinates":[-67.75302684626753,-53.7814746058316],"properties":{"id":"RGA"}},{"type":"Point","coordinates":[-69.30647117767309,-51.61169808554019],"properties":{"id":"RGL"}},{"type":"Point","coordinates":[-119.77528330810486,39.505849901470334],"properties":{"id":"RNO"}},{"type":"Point","coordinates":[134.5329534661587,7.364495536129204],"properties":{"id":"ROR"}},{"type":"Point","coordinates":[-22.9440574079648,16.734793269338514],"properties":{"id":"SID"}},{"type":"Point","coordinates":[18.336618545712724,43.825887224679725],"properties":{"id":"SJJ"}},{"type":"Point","coordinates":[-62.714212504731584,17.311125840442042],"properties":{"id":"SKB"}},{"type":"Point","coordinates":[-65.47847604377958,-24.84437427133154],"properties":{"id":"SLA"}},{"type":"Point","coordinates":[145.7236946586376,15.121516719766413],"properties":{"id":"SPN"}},{"type":"Point","coordinates":[-65.29286313878465,-19.01391579246574],"properties":{"id":"SRE"}},{"type":"Point","coordinates":[-63.1122760858602,18.042244021474033],"properties":{"id":"SXM"}},{"type":"Point","coordinates":[44.134782731062046,13.685497002557412],"properties":{"id":"TAI"}},{"type":"Point","coordinates":[120.3806859490605,36.267757808103866],"properties":{"id":"TAO"}},{"type":"Point","coordinates":[151.84204603740326,7.457617802884429],"properties":{"id":"TKK"}},{"type":"Point","coordinates":[-5.912880876559137,35.725765640927385],"properties":{"id":"TNG"}},{"type":"Point","coordinates":[173.14599079530137,1.380668697538304],"properties":{"id":"TRW"}},{"type":"Point","coordinates":[71.46094413999357,51.0269352907712],"properties":{"id":"TSE"}},{"type":"Point","coordinates":[117.35272315991853,39.12946099090075],"properties":{"id":"TSN"}},{"type":"Point","coordinates":[146.77067890477002,-19.256181437621244],"properties":{"id":"TSV"}},{"type":"Point","coordinates":[-65.10812462362482,-26.835731005071423],"properties":{"id":"TUC"}},{"type":"Point","coordinates":[10.21769924471112,36.84744821772193],"properties":{"id":"TUN"}},{"type":"Point","coordinates":[-110.93771323213196,32.12035234418979],"properties":{"id":"TUS"}},{"type":"Point","coordinates":[106.76287399492858,47.852526096668434],"properties":{"id":"ULN"}},{"type":"Point","coordinates":[87.46712984878084,43.898338219365286],"properties":{"id":"URC"}},{"type":"Point","coordinates":[168.3196227396616,-17.701699068178094],"properties":{"id":"VLI"}},{"type":"Point","coordinates":[143.66910229969758,-3.580226894447444],"properties":{"id":"WWK"}},{"type":"Point","coordinates":[4.19111982574289,48.78039461385664],"properties":{"id":"XCR"}},{"type":"Point","coordinates":[118.12696884672026,24.537192570557004],"properties":{"id":"XMN"}},{"type":"Point","coordinates":[138.08643028361917,9.497917333613481],"properties":{"id":"YAP"}},{"type":"Point","coordinates":[-104.56009520009748,19.148086028585354],"properties":{"id":"ZLO"}},{"type":"Point","coordinates":[-52.363806857235694,4.821267143089237],"properties":{"id":"CAY"}},{"type":"Point","coordinates":[104.19735928449404,52.36164767001315],"properties":{"id":"UIII"}},{"type":"Point","coordinates":[114.6922665989016,38.27814091311202],"properties":{"id":"SJW"}},{"type":"Point","coordinates":[50.04983948674051,40.46274688390803],"properties":{"id":"GYD"}},{"type":"Point","coordinates":[33.322201334898956,35.10634480673619],"properties":{"id":"LAK"}},{"type":"Point","coordinates":[-42.079251752018415,-22.925631709132773],"properties":{"id":"CFB"}},{"type":"Point","coordinates":[25.045535369831455,60.24937784995868],"properties":{"id":"HEM"}},{"type":"Point","coordinates":[6.216421217287305,49.63430409251016],"properties":{"id":"LUX"}},{"type":"Point","coordinates":[12.341067300436913,45.504847758845486],"properties":{"id":"VCE"}},{"type":"Point","coordinates":[128.66298866883957,38.058782416258545],"properties":{"id":"YNY"}},{"type":"Point","coordinates":[-69.93947393390899,-4.250324694933793],"properties":{"id":"TBT"}},{"type":"Point","coordinates":[-60.69222063386823,2.84119534121157],"properties":{"id":"BVB"}},{"type":"Point","coordinates":[-15.389924515846113,27.936889971657408],"properties":{"id":"LPA"}},{"type":"Point","coordinates":[-72.05385691012962,-50.283900869003766],"properties":{"id":"ING"}},{"type":"Point","coordinates":[16.92160555842542,58.785104130344784],"properties":{"id":"NYO"}},{"type":"Point","coordinates":[98.67619257146407,3.56659179990894],"properties":{"id":"MES"}},{"type":"Point","coordinates":[18.524123630208024,4.398851536959572],"properties":{"id":"BGF"}},{"type":"Point","coordinates":[120.43209737631294,30.235186279041436],"properties":{"id":"HGH"}},{"type":"Point","coordinates":[-157.34977789343037,1.986161197924021],"properties":{"id":"CXI"}},{"type":"Point","coordinates":[23.383188573869113,55.90376945403999],"properties":{"id":"SQQ"}},{"type":"Point","coordinates":[-169.92612977421672,-19.076712935451056],"properties":{"id":"IUE"}},{"type":"Point","coordinates":[-54.83939952960621,-25.456857071581247],"properties":{"id":"AGT"}},{"type":"Point","coordinates":[-71.56793353852852,-16.344552065351998],"properties":{"id":"AQP"}},{"type":"Point","coordinates":[132.13984172071468,43.377649253388505],"properties":{"id":"VVO"}},{"type":"Point","coordinates":[21.03026901247459,42.58503311534483],"properties":{"id":"PRN"}},{"type":"Point","coordinates":[4.450922773999088,51.18912850638064],"properties":{"id":"ANR"}},{"type":"Point","coordinates":[-110.36719785980947,24.076090352180334],"properties":{"id":"LAP"}},{"type":"Point","coordinates":[126.2369830308627,45.62060117232452],"properties":{"id":"HRB"}},{"type":"Point","coordinates":[76.91890256129132,8.476509938945144],"properties":{"id":"TRV"}},{"type":"Point","coordinates":[27.149297595266408,38.29123476451746],"properties":{"id":"ADB"}},{"type":"Point","coordinates":[118.86610214690592,31.73532492961766],"properties":{"id":"NKG"}},{"type":"Point","coordinates":[-78.70393431144967,26.548246747188983],"properties":{"id":"FPO"}},{"type":"Point","coordinates":[13.144258981071262,32.66916955049933],"properties":{"id":"TIP"}},{"type":"Point","coordinates":[-54.57557190935781,48.946598006073565],"properties":{"id":"YQX"}},{"type":"Point","coordinates":[51.558548787654715,25.268246131050645],"properties":{"id":"DOH"}},{"type":"Point","coordinates":[-106.6166851616002,35.04915780182765],"properties":{"id":"ABQ"}},{"type":"Point","coordinates":[-61.792367669835826,17.140359937161683],"properties":{"id":"ANU"}},{"type":"Point","coordinates":[-171.99732221833983,-13.832501332395603],"properties":{"id":"APW"}},{"type":"Point","coordinates":[31.016249043801107,27.05081584069781],"properties":{"id":"ATZ"}},{"type":"Point","coordinates":[50.62600287575336,26.269697149949714],"properties":{"id":"BAH"}},{"type":"Point","coordinates":[-72.68539474333903,41.93031600583518],"properties":{"id":"BDL"}},{"type":"Point","coordinates":[-59.48741889531585,13.079661104553033],"properties":{"id":"BGI"}},{"type":"Point","coordinates":[-16.652313269807472,13.343860478894186],"properties":{"id":"BJL"}},{"type":"Point","coordinates":[29.32098401699387,-3.322044349131131],"properties":{"id":"BJM"}},{"type":"Point","coordinates":[34.971944183793276,-15.68138447932725],"properties":{"id":"BLZ"}},{"type":"Point","coordinates":[122.23385051502184,-17.95257612926801],"properties":{"id":"BME"}},{"type":"Point","coordinates":[56.368886456411,27.210325845514543],"properties":{"id":"BND"}},{"type":"Point","coordinates":[47.668376663351836,30.552799016106043],"properties":{"id":"BSR"}},{"type":"Point","coordinates":[-106.4358466310554,31.635756620195146],"properties":{"id":"CJS"}},{"type":"Point","coordinates":[79.88525734215062,7.178077105442211],"properties":{"id":"CMB"}},{"type":"Point","coordinates":[145.75358484439977,-16.876742155406177],"properties":{"id":"CNS"}},{"type":"Point","coordinates":[98.96811812415933,18.768847391967526],"properties":{"id":"CNX"}},{"type":"Point","coordinates":[-104.70088027411134,38.79742487791252],"properties":{"id":"COS"}},{"type":"Point","coordinates":[-90.50362837340384,19.81422479920744],"properties":{"id":"CPE"}},{"type":"Point","coordinates":[113.21405420325205,28.189921861945066],"properties":{"id":"CSX"}},{"type":"Point","coordinates":[-84.65616991533919,39.05541890478304],"properties":{"id":"CVG"}},{"type":"Point","coordinates":[108.20270625793569,16.05314414516696],"properties":{"id":"DAD"}},{"type":"Point","coordinates":[-96.84986377097995,32.84442537327384],"properties":{"id":"DAL"}},{"type":"Point","coordinates":[36.51289547181257,33.41143667027319],"properties":{"id":"DAM"}},{"type":"Point","coordinates":[-82.43175833693866,8.391261061169175],"properties":{"id":"DAV"}},{"type":"Point","coordinates":[41.857756722253,9.61267784753569],"properties":{"id":"DIR"}},{"type":"Point","coordinates":[115.16232296110661,-8.744757315956518],"properties":{"id":"DPS"}},{"type":"Point","coordinates":[-93.64846125637362,41.5327904242113],"properties":{"id":"DSM"}},{"type":"Point","coordinates":[32.4427573135214,0.044940949388672],"properties":{"id":"EBB"}},{"type":"Point","coordinates":[25.330271489621154,0.492225136917501],"properties":{"id":"FKI"}},{"type":"Point","coordinates":[119.6680438209992,25.931823314814313],"properties":{"id":"FOC"}},{"type":"Point","coordinates":[91.58822905818697,26.105247592425503],"properties":{"id":"GAU"}},{"type":"Point","coordinates":[18.468442216591136,54.380702535292464],"properties":{"id":"GDN"}},{"type":"Point","coordinates":[-61.78585299092849,12.007268305428271],"properties":{"id":"GND"}},{"type":"Point","coordinates":[43.789633706293515,56.21855259106556],"properties":{"id":"GOJ"}},{"type":"Point","coordinates":[-110.9216512704022,27.969455396282893],"properties":{"id":"GYM"}},{"type":"Point","coordinates":[111.81468182162591,40.85406009065522],"properties":{"id":"HET"}},{"type":"Point","coordinates":[-111.9898968960076,46.61020435289996],"properties":{"id":"HLN"}},{"type":"Point","coordinates":[-111.0519017118191,29.090077252344535],"properties":{"id":"HMO"}},{"type":"Point","coordinates":[-77.44779257692062,38.95277403795302],"properties":{"id":"IAD"}},{"type":"Point","coordinates":[-155.0396297334349,19.714797686866262],"properties":{"id":"ITO"}},{"type":"Point","coordinates":[-90.07509862769238,32.31006002736351],"properties":{"id":"JAN"}},{"type":"Point","coordinates":[-81.68357672783112,30.491352730947966],"properties":{"id":"JAX"}},{"type":"Point","coordinates":[110.3418370543153,1.487207937790097],"properties":{"id":"KCH"}},{"type":"Point","coordinates":[30.13487681878561,-1.96365443664138],"properties":{"id":"KGL"}},{"type":"Point","coordinates":[19.800977284450408,50.07226306483314],"properties":{"id":"KRK"}},{"type":"Point","coordinates":[50.14726552101905,53.50838481909353],"properties":{"id":"KUF"}},{"type":"Point","coordinates":[110.04689349777009,25.217605525229324],"properties":{"id":"KWL"}},{"type":"Point","coordinates":[120.53387619612701,18.182418086637874],"properties":{"id":"LAO"}},{"type":"Point","coordinates":[-73.8719858204814,40.77455393988576],"properties":{"id":"LGA"}},{"type":"Point","coordinates":[-0.162961639139456,51.155756751927456],"properties":{"id":"LGW"}},{"type":"Point","coordinates":[14.454812628326566,46.230544555448624],"properties":{"id":"LJU"}},{"type":"Point","coordinates":[80.88417197324722,26.763932870091633],"properties":{"id":"LKO"}},{"type":"Point","coordinates":[-57.89538206365101,-34.9655441559234],"properties":{"id":"LPG"}},{"type":"Point","coordinates":[-97.53082171211871,25.770841264061858],"properties":{"id":"MAM"}},{"type":"Point","coordinates":[-2.273371590694274,53.36248960665181],"properties":{"id":"MAN"}},{"type":"Point","coordinates":[-94.71591485791544,39.297895826365945],"properties":{"id":"MCI"}},{"type":"Point","coordinates":[58.2904804753493,23.588570417585636],"properties":{"id":"MCT"}},{"type":"Point","coordinates":[10.75336818505404,35.76071044217803],"properties":{"id":"MIR"}},{"type":"Point","coordinates":[5.221379177203373,43.44106000164679],"properties":{"id":"MRS"}},{"type":"Point","coordinates":[-99.5680081930063,27.449689650831623],"properties":{"id":"NLD"}},{"type":"Point","coordinates":[108.16801227333096,22.612037054178508],"properties":{"id":"NNG"}},{"type":"Point","coordinates":[-96.72179593849754,17.000559256974505],"properties":{"id":"OAX"}},{"type":"Point","coordinates":[-156.4374295813534,20.89328851511117],"properties":{"id":"OGG"}},{"type":"Point","coordinates":[-97.59611775420922,35.39527749117442],"properties":{"id":"OKC"}},{"type":"Point","coordinates":[-76.2044231712327,36.89823946736742],"properties":{"id":"ORF"}},{"type":"Point","coordinates":[-80.09018933833873,26.688441666432965],"properties":{"id":"PBI"}},{"type":"Point","coordinates":[-55.199911389290236,5.455999677974393],"properties":{"id":"PBM"}},{"type":"Point","coordinates":[56.019560282029694,57.919771123169134],"properties":{"id":"PEE"}},{"type":"Point","coordinates":[100.26578638095476,5.292656277904887],"properties":{"id":"PEN"}},{"type":"Point","coordinates":[6.949897427231909,5.007003476739435],"properties":{"id":"PHC"}},{"type":"Point","coordinates":[118.63179781561529,-20.378127296072336],"properties":{"id":"PHE"}},{"type":"Point","coordinates":[-100.29264198170532,44.38015346687622],"properties":{"id":"PIR"}},{"type":"Point","coordinates":[-80.2561290571918,40.496051891528495],"properties":{"id":"PIT"}},{"type":"Point","coordinates":[-170.71330705373444,-14.329064185030566],"properties":{"id":"PPG"}},{"type":"Point","coordinates":[-1.733731704344524,52.45290855428381],"properties":{"id":"BHX"}},{"type":"Point","coordinates":[-10.353085186793352,6.241834565545255],"properties":{"id":"ROB"}},{"type":"Point","coordinates":[81.74037759152014,21.18598685614469],"properties":{"id":"RPR"}},{"type":"Point","coordinates":[-89.0572035692743,13.444748122861604],"properties":{"id":"SAL"}},{"type":"Point","coordinates":[-117.19751102573103,32.73226455701319],"properties":{"id":"SAN"}},{"type":"Point","coordinates":[-98.4719699991559,29.526620339131505],"properties":{"id":"SAT"}},{"type":"Point","coordinates":[-81.20996477509134,32.13564155229021],"properties":{"id":"SAV"}},{"type":"Point","coordinates":[-75.83988776397909,19.972428871762215],"properties":{"id":"SCU"}},{"type":"Point","coordinates":[-100.93647781626697,22.255713049590337],"properties":{"id":"SLP"}},{"type":"Point","coordinates":[-121.58789487772277,38.6927238925554],"properties":{"id":"SMF"}},{"type":"Point","coordinates":[-70.69417832244676,19.46592191528884],"properties":{"id":"STI"}},{"type":"Point","coordinates":[60.80580334321738,56.73224561204597],"properties":{"id":"SVX"}},{"type":"Point","coordinates":[-76.1130789991049,43.13178449437413],"properties":{"id":"SYR"}},{"type":"Point","coordinates":[46.244713373574,38.131110768817514],"properties":{"id":"TBZ"}},{"type":"Point","coordinates":[-103.39878782857888,25.56321643998958],"properties":{"id":"TRC"}},{"type":"Point","coordinates":[-95.88988227154202,36.19012756519499],"properties":{"id":"TUL"}},{"type":"Point","coordinates":[-83.98993783275846,35.80574480270883],"properties":{"id":"TYS"}},{"type":"Point","coordinates":[55.884077341183726,54.56513235789718],"properties":{"id":"UFA"}},{"type":"Point","coordinates":[-60.949973772346056,13.736523805048892],"properties":{"id":"UVF"}},{"type":"Point","coordinates":[17.463225902813253,-22.486953120204117],"properties":{"id":"WDH"}},{"type":"Point","coordinates":[-84.50060899997175,46.485417510192555],"properties":{"id":"YAM"}},{"type":"Point","coordinates":[-120.18559561910142,55.7394117074557],"properties":{"id":"YDQ"}},{"type":"Point","coordinates":[-113.5844925644056,53.307200161918324],"properties":{"id":"YEG"}},{"type":"Point","coordinates":[-63.514965250167336,44.886545450100954],"properties":{"id":"YHZ"}},{"type":"Point","coordinates":[-120.44173476396232,50.70519551845913],"properties":{"id":"YKA"}},{"type":"Point","coordinates":[-80.79577478171052,46.622750820489316],"properties":{"id":"YSB"}},{"type":"Point","coordinates":[-65.89055736811677,45.329230595501656],"properties":{"id":"YSJ"}},{"type":"Point","coordinates":[-122.67401474398616,53.884248575113766],"properties":{"id":"YXS"}},{"type":"Point","coordinates":[-123.43062453952774,48.64052948217902],"properties":{"id":"YYJ"}},{"type":"Point","coordinates":[122.06243232163732,6.919757748058303],"properties":{"id":"ZAM"}},{"type":"Point","coordinates":[103.61541536304331,36.50788424612367],"properties":{"id":"ZGC"}},{"type":"Point","coordinates":[-73.80935188431725,42.745661980172905],"properties":{"id":"ALB"}},{"type":"Point","coordinates":[-87.90210562507438,42.94791987295855],"properties":{"id":"MKE"}},{"type":"Point","coordinates":[114.24694737615044,30.60171411967017],"properties":{"id":"ZHHH"}},{"type":"Point","coordinates":[109.40823949107957,18.309095990859316],"properties":{"id":"SYX"}},{"type":"Point","coordinates":[90.9005610194027,29.29369361231842],"properties":{"id":"LXA"}},{"type":"Point","coordinates":[79.87230052121915,37.04003635097652],"properties":{"id":"HTN"}},{"type":"Point","coordinates":[13.764967144004661,51.125091242887116],"properties":{"id":"DRS"}},{"type":"Point","coordinates":[-6.597753628115997,34.298667363822325],"properties":{"id":"NNA"}},{"type":"Point","coordinates":[6.264910853641591,46.19572832862606],"properties":{"id":"QNJ"}},{"type":"Point","coordinates":[-110.97272130167508,31.225537174115924],"properties":{"id":"NOG"}},{"type":"Point","coordinates":[7.627841966889242,48.54469617217594],"properties":{"id":"SXB"}},{"type":"Point","coordinates":[7.122359755245386,50.87825966294709],"properties":{"id":"CGN"}},{"type":"Point","coordinates":[128.9488013790388,35.17028406368295],"properties":{"id":"PUS"}},{"type":"Point","coordinates":[126.49162940197242,33.52471731503988],"properties":{"id":"CJU"}},{"type":"Point","coordinates":[5.629810329721799,58.88215648421848],"properties":{"id":"SVG"}},{"type":"Point","coordinates":[10.916809524144515,63.472029381716986],"properties":{"id":"TRD"}},{"type":"Point","coordinates":[-57.663607892554346,-19.01416628855335],"properties":{"id":"CMG"}},{"type":"Point","coordinates":[-16.775637453121334,32.69336428474887],"properties":{"id":"FNC"}},{"type":"Point","coordinates":[-54.48859227356332,-25.597683216210232],"properties":{"id":"IGU"}},{"type":"Point","coordinates":[-63.89846250042134,-8.714424828592882],"properties":{"id":"PVH"}},{"type":"Point","coordinates":[-2.906090116798053,43.30508298111947],"properties":{"id":"BIO"}},{"type":"Point","coordinates":[2.729976602006474,39.56577585862541],"properties":{"id":"PMI"}},{"type":"Point","coordinates":[-16.346317567926352,28.487577026773145],"properties":{"id":"TFN"}},{"type":"Point","coordinates":[12.29382690925731,57.685749353487864],"properties":{"id":"GOT"}},{"type":"Point","coordinates":[22.123027124394543,65.54903624776163],"properties":{"id":"LLA"}},{"type":"Point","coordinates":[54.646329322555786,24.42722715297642],"properties":{"id":"AUH"}},{"type":"Point","coordinates":[6.621946651812188,36.28344094416007],"properties":{"id":"CZL"}},{"type":"Point","coordinates":[32.82443724629733,23.968276544177797],"properties":{"id":"ASW"}},{"type":"Point","coordinates":[25.829440976045195,66.55955641685094],"properties":{"id":"RVN"}},{"type":"Point","coordinates":[-58.25411919258886,6.498552908135722],"properties":{"id":"GEO"}},{"type":"Point","coordinates":[76.39051985020242,10.155118762811767],"properties":{"id":"COK"}},{"type":"Point","coordinates":[35.223693065830126,0.40507147546036],"properties":{"id":"EDL"}},{"type":"Point","coordinates":[126.45087598079584,37.449208862434624],"properties":{"id":"ICN"}},{"type":"Point","coordinates":[-107.46986379289618,24.766804039046114],"properties":{"id":"CUL"}},{"type":"Point","coordinates":[73.10079364718818,33.607445750752625],"properties":{"id":"ISB"}},{"type":"Point","coordinates":[4.484640324082722,50.89729496415108],"properties":{"id":"BRU"}},{"type":"Point","coordinates":[7.270259939743561,9.00437659781094],"properties":{"id":"ABV"}},{"type":"Point","coordinates":[-124.10706552013855,40.97192453813144],"properties":{"id":"ACV"}},{"type":"Point","coordinates":[-97.66683676460543,30.202108192074945],"properties":{"id":"AUS"}},{"type":"Point","coordinates":[30.80255264394152,36.915323305186774],"properties":{"id":"AYT"}},{"type":"Point","coordinates":[-6.216169437349579,54.66155754701032],"properties":{"id":"BFS"}},{"type":"Point","coordinates":[9.698917693997402,45.66549805606945],"properties":{"id":"BGY"}},{"type":"Point","coordinates":[116.05108787336903,5.922894454748071],"properties":{"id":"BKI"}},{"type":"Point","coordinates":[77.70955798895749,13.200610806960903],"properties":{"id":"BLR"}},{"type":"Point","coordinates":[149.19076053967132,-35.3071855902909],"properties":{"id":"CBR"}},{"type":"Point","coordinates":[-82.8840306426634,39.9981181922432],"properties":{"id":"CMH"}},{"type":"Point","coordinates":[-7.581455990257197,33.374727481539615],"properties":{"id":"CMN"}},{"type":"Point","coordinates":[6.76494446612174,51.2781820420774],"properties":{"id":"DUS"}},{"type":"Point","coordinates":[32.99301007720143,40.11512782732336],"properties":{"id":"ESB"}},{"type":"Point","coordinates":[175.33622143270816,-37.865841148482694],"properties":{"id":"HLZ"}},{"type":"Point","coordinates":[78.42953613451998,17.235983150747067],"properties":{"id":"HYD"}},{"type":"Point","coordinates":[-73.78632686092955,40.645959558408144],"properties":{"id":"JFK"}},{"type":"Point","coordinates":[30.89516216155281,50.34090233887696],"properties":{"id":"KBP"}},{"type":"Point","coordinates":[32.550153296632956,15.59222265308578],"properties":{"id":"KRT"}},{"type":"Point","coordinates":[-89.34578478944866,43.13630823858675],"properties":{"id":"MSN"}},{"type":"Point","coordinates":[28.034193334637767,53.88937923980054],"properties":{"id":"MSQ"}},{"type":"Point","coordinates":[13.105530988863753,38.186335108489494],"properties":{"id":"PMO"}},{"type":"Point","coordinates":[-71.4357841445789,41.726001984718906],"properties":{"id":"PVD"}},{"type":"Point","coordinates":[-81.75512314093055,26.527928806765104],"properties":{"id":"RSW"}},{"type":"Point","coordinates":[123.4879744303385,41.634789133958215],"properties":{"id":"SHE"}},{"type":"Point","coordinates":[55.52050719488528,25.321196401906818],"properties":{"id":"SHJ"}},{"type":"Point","coordinates":[-121.92942898353154,37.36949059089655],"properties":{"id":"SJC"}},{"type":"Point","coordinates":[-117.8614892203934,33.6794857329549],"properties":{"id":"SNA"}},{"type":"Point","coordinates":[9.193951089455357,48.69010513589129],"properties":{"id":"STR"}},{"type":"Point","coordinates":[-84.13860919715941,9.958278519196229],"properties":{"id":"SYQ"}},{"type":"Point","coordinates":[113.81585275108512,22.64650771478675],"properties":{"id":"SZX"}},{"type":"Point","coordinates":[-85.74170275973673,38.18602071526992],"properties":{"id":"SDF"}},{"type":"Point","coordinates":[6.107945774236034,46.23100951015795],"properties":{"id":"GVA"}},{"type":"Point","coordinates":[5.075944318134586,45.72101868346691],"properties":{"id":"LYS"}},{"type":"Point","coordinates":[135.24445977247638,34.43479416292695],"properties":{"id":"KIX"}},{"type":"Point","coordinates":[-9.130694409310712,38.770762342751425],"properties":{"id":"LIS"}},{"type":"Point","coordinates":[-43.96358152099491,-19.63278212187474],"properties":{"id":"CNF"}},{"type":"Point","coordinates":[17.945617540614503,59.35559020651122],"properties":{"id":"BMA"}},{"type":"Point","coordinates":[112.77703459493297,-7.383578985275999],"properties":{"id":"SUB"}},{"type":"Point","coordinates":[-57.581615093239215,-37.93321612044816],"properties":{"id":"MDQ"}},{"type":"Point","coordinates":[-81.35767061622893,19.29591074371222],"properties":{"id":"GCM"}},{"type":"Point","coordinates":[113.84183130284451,34.52630271989567],"properties":{"id":"CGO"}},{"type":"Point","coordinates":[121.53891378010117,38.96157023002216],"properties":{"id":"DLC"}},{"type":"Point","coordinates":[25.17405582432718,35.33690241010455],"properties":{"id":"HER"}},{"type":"Point","coordinates":[44.964614614166365,41.66944201872605],"properties":{"id":"TBS"}},{"type":"Point","coordinates":[-9.354582402639275,38.72353532083235],"properties":{"id":"XXC"}},{"type":"Point","coordinates":[120.34515634215063,22.57170610544221],"properties":{"id":"KHH"}},{"type":"Point","coordinates":[5.200226160326513,12.917482416618078],"properties":{"id":"SKO"}},{"type":"Point","coordinates":[-78.48999255457005,-0.145552408466882],"properties":{"id":"UIO"}},{"type":"Point","coordinates":[67.15212835929466,24.898524368959485],"properties":{"id":"KHI"}},{"type":"Point","coordinates":[28.93604875622555,46.93416199003912],"properties":{"id":"KIV"}},{"type":"Point","coordinates":[-77.10756569313422,-12.0237161502221],"properties":{"id":"LIM"}},{"type":"Point","coordinates":[-89.31214212381362,48.37188114925079],"properties":{"id":"YQT"}},{"type":"Point","coordinates":[25.28071644972846,54.64305493075424],"properties":{"id":"VNO"}},{"type":"Point","coordinates":[108.75581134215064,34.442939105442214],"properties":{"id":"XIY"}},{"type":"Point","coordinates":[-100.2383941865767,25.859873767729045],"properties":{"id":"NTR"}},{"type":"Point","coordinates":[-175.135635,-21.24861],"properties":{"id":"TBU"}},{"type":"Point","coordinates":[51.87639168126809,32.74608053443211],"properties":{"id":"IFN"}},{"type":"Point","coordinates":[31.1014,-17.9228],"properties":{"id":"HRE"}},{"type":"Point","coordinates":[47.97148255933165,29.239680058158292],"properties":{"id":"KWI"}},{"type":"Point","coordinates":[-75.66489338702053,45.3201348196531],"properties":{"id":"YOW"}},{"type":"Point","coordinates":[69.21007362708741,34.56339788641491],"properties":{"id":"KBL"}},{"type":"Point","coordinates":[-3.932219291676359,5.254398445149204],"properties":{"id":"ABJ"}},{"type":"Point","coordinates":[-99.75450856196812,16.761967352779976],"properties":{"id":"ACA"}},{"type":"Point","coordinates":[-0.171402855660817,5.606981523811933],"properties":{"id":"ACC"}},{"type":"Point","coordinates":[38.7931904366343,8.981730275810992],"properties":{"id":"ADD"}},{"type":"Point","coordinates":[45.030602,12.8278],"properties":{"id":"ADE"}},{"type":"Point","coordinates":[138.5321014576991,-34.9405860275154],"properties":{"id":"ADL"}},{"type":"Point","coordinates":[77.01204587711747,43.34649431447929],"properties":{"id":"ALA"}},{"type":"Point","coordinates":[3.212073535165055,36.69972066635346],"properties":{"id":"ALG"}},{"type":"Point","coordinates":[37.22734140578282,36.18462373143136],"properties":{"id":"ALP"}},{"type":"Point","coordinates":[72.62090008843316,23.070745463588118],"properties":{"id":"AMD"}},{"type":"Point","coordinates":[-70.44099085094066,-23.448954524831667],"properties":{"id":"ANF"}},{"type":"Point","coordinates":[58.363965920824604,37.98485343895699],"properties":{"id":"ASB"}},{"type":"Point","coordinates":[38.90635401363214,15.29361596964986],"properties":{"id":"ASM"}},{"type":"Point","coordinates":[-57.51390782471363,-25.241659253381577],"properties":{"id":"ASU"}},{"type":"Point","coordinates":[-64.70277406865142,32.359173960158074],"properties":{"id":"BDA"}},{"type":"Point","coordinates":[20.291284594662077,44.81907666544326],"properties":{"id":"BEG"}},{"type":"Point","coordinates":[35.4930853618161,33.825440061866765],"properties":{"id":"BEY"}},{"type":"Point","coordinates":[77.34087147135794,23.285568486980882],"properties":{"id":"BHO"}},{"type":"Point","coordinates":[-7.947272269708012,12.539336342586719],"properties":{"id":"BKO"}},{"type":"Point","coordinates":[-86.66928673563747,36.13148763616973],"properties":{"id":"BNA"}},{"type":"Point","coordinates":[153.1202564188439,-27.38539659390988],"properties":{"id":"BNE"}},{"type":"Point","coordinates":[-116.2218410705487,43.5689592234704],"properties":{"id":"BOI"}},{"type":"Point","coordinates":[-156.771835,71.289299],"properties":{"id":"BRW"}},{"type":"Point","coordinates":[-78.73199655233083,42.93403374935259],"properties":{"id":"BUF"}},{"type":"Point","coordinates":[28.622552042904037,-20.015568409490825],"properties":{"id":"BUQ"}},{"type":"Point","coordinates":[114.93311902920937,4.945475282276854],"properties":{"id":"BWN"}},{"type":"Point","coordinates":[113.29751655217066,23.3891511573243],"properties":{"id":"CAN"}},{"type":"Point","coordinates":[-73.06210617462139,-36.7763727437881],"properties":{"id":"CCP"}},{"type":"Point","coordinates":[88.44000101301965,22.645389378506415],"properties":{"id":"CCU"}},{"type":"Point","coordinates":[91.81471071623834,22.24556585857375],"properties":{"id":"CGP"}},{"type":"Point","coordinates":[172.53867556522317,-43.48854867841038],"properties":{"id":"CHC"}},{"type":"Point","coordinates":[-13.621065625167132,9.574181158500823],"properties":{"id":"CKY"}},{"type":"Point","coordinates":[-81.83844060640457,41.41119161249661],"properties":{"id":"CLE"}},{"type":"Point","coordinates":[-76.38507147280909,3.543286351232192],"properties":{"id":"CLO"}},{"type":"Point","coordinates":[2.383800072435198,6.3582465034691],"properties":{"id":"COO"}},{"type":"Point","coordinates":[-64.21231576708007,-31.31568116848888],"properties":{"id":"COR"}},{"type":"Point","coordinates":[-75.51233495596824,10.444938176491519],"properties":{"id":"CTG"}},{"type":"Point","coordinates":[-86.87441725066944,21.04019667144003],"properties":{"id":"CUN"}},{"type":"Point","coordinates":[-105.969204692629,28.70399849976794],"properties":{"id":"CUU"}},{"type":"Point","coordinates":[90.40492415992367,23.84812432181269],"properties":{"id":"DAC"}},{"type":"Point","coordinates":[130.8775014367739,-12.40805599665558],"properties":{"id":"DRW"}},{"type":"Point","coordinates":[30.945708194088084,-29.965914250828032],"properties":{"id":"DUR"}},{"type":"Point","coordinates":[27.5292,-11.5908],"properties":{"id":"FBM"}},{"type":"Point","coordinates":[-4.982146376783026,33.930525184467264],"properties":{"id":"FEZ"}},{"type":"Point","coordinates":[15.446516207456082,-4.389168821975817],"properties":{"id":"FIH"}},{"type":"Point","coordinates":[-13.200229678648256,8.615423617263689],"properties":{"id":"FNA"}},{"type":"Point","coordinates":[125.67532157120056,39.200177166765556],"properties":{"id":"FNJ"}},{"type":"Point","coordinates":[74.46880033990898,43.055452723330326],"properties":{"id":"FRU"}},{"type":"Point","coordinates":[25.92438082641467,-24.558071808944057],"properties":{"id":"GBE"}},{"type":"Point","coordinates":[-103.30076622275178,20.524686348517278],"properties":{"id":"GDL"}},{"type":"Point","coordinates":[-4.431677969951069,55.86418285703546],"properties":{"id":"GLA"}},{"type":"Point","coordinates":[-90.53018111137798,14.588160829005092],"properties":{"id":"GUA"}},{"type":"Point","coordinates":[-79.88700964393296,-2.158337906991362],"properties":{"id":"GYE"}},{"type":"Point","coordinates":[105.80375943680576,21.214559670724526],"properties":{"id":"HAN"}},{"type":"Point","coordinates":[-82.4074206289499,22.99735333644277],"properties":{"id":"HAV"}},{"type":"Point","coordinates":[29.692666015230046,30.91837127862389],"properties":{"id":"HBE"}},{"type":"Point","coordinates":[39.150499678044795,21.670685787812808],"properties":{"id":"JED"}},{"type":"Point","coordinates":[8.522137183957666,12.045707160174642],"properties":{"id":"KAN"}},{"type":"Point","coordinates":[76.01301480600748,39.537968630625755],"properties":{"id":"KHG"}},{"type":"Point","coordinates":[-76.77868976165765,17.937575155275226],"properties":{"id":"KIN"}},{"type":"Point","coordinates":[85.357139531668,27.700281675160912],"properties":{"id":"KTM"}},{"type":"Point","coordinates":[13.234795750269944,-8.84831327917379],"properties":{"id":"LAD"}},{"type":"Point","coordinates":[30.30709764546479,59.805406160189726],"properties":{"id":"LED"}},{"type":"Point","coordinates":[74.41088101817482,31.520629651820634],"properties":{"id":"LHE"}},{"type":"Point","coordinates":[33.78278850197883,-13.788622823745978],"properties":{"id":"LLW"}},{"type":"Point","coordinates":[3.321124352813337,6.578259445404671],"properties":{"id":"LOS"}},{"type":"Point","coordinates":[-68.17800552779448,-16.509879221397668],"properties":{"id":"LPB"}},{"type":"Point","coordinates":[28.44554432110191,-15.326852250944736],"properties":{"id":"LUN"}},{"type":"Point","coordinates":[32.70329708486226,25.673034778602332],"properties":{"id":"LXR"}},{"type":"Point","coordinates":[80.16377597315451,12.982530166915435],"properties":{"id":"MAA"}},{"type":"Point","coordinates":[-71.72376880946867,10.555759468497213],"properties":{"id":"MAR"}},{"type":"Point","coordinates":[-75.4269557399772,6.171001614358001],"properties":{"id":"MDE"}},{"type":"Point","coordinates":[-89.98162803532371,35.04441012400894],"properties":{"id":"MEM"}},{"type":"Point","coordinates":[-86.1712846229543,12.144635873435028],"properties":{"id":"MGA"}},{"type":"Point","coordinates":[59.64219435740293,36.22755031349836],"properties":{"id":"MHD"}},{"type":"Point","coordinates":[-80.2789718277441,25.79494072124062],"properties":{"id":"MIA"}},{"type":"Point","coordinates":[-89.66302357364343,20.933860386429597],"properties":{"id":"MID"}},{"type":"Point","coordinates":[14.495264455505483,35.848930794350125],"properties":{"id":"MLA"}},{"type":"Point","coordinates":[39.60266318703833,-4.032652625796572],"properties":{"id":"MBA"}},{"type":"Point","coordinates":[27.559216033361427,-29.45557400461012],"properties":{"id":"MSU"}},{"type":"Point","coordinates":[-90.25669394805942,29.985114146062223],"properties":{"id":"MSY"}},{"type":"Point","coordinates":[71.41899543293198,30.195078090496487],"properties":{"id":"MUX"}},{"type":"Point","coordinates":[-56.026636146282,-34.84104859885686],"properties":{"id":"MVD"}},{"type":"Point","coordinates":[-106.27001661788533,23.16659609713445],"properties":{"id":"MZT"}},{"type":"Point","coordinates":[-77.46484722909442,25.048691060086554],"properties":{"id":"NAS"}},{"type":"Point","coordinates":[15.03304463855593,12.129540018411483],"properties":{"id":"NDJ"}},{"type":"Point","coordinates":[2.17730671184125,13.476757280794157],"properties":{"id":"NIM"}},{"type":"Point","coordinates":[123.97913450866376,10.315875672729177],"properties":{"id":"CEB"}},{"type":"Point","coordinates":[15.749761845959533,-12.802541457591508],"properties":{"id":"NOV"}},{"type":"Point","coordinates":[-95.89941579531211,41.29971114530123],"properties":{"id":"OMA"}},{"type":"Point","coordinates":[-165.44164171228104,64.50722070266309],"properties":{"id":"OME"}},{"type":"Point","coordinates":[-1.513805361651135,12.353580026047329],"properties":{"id":"OUA"}},{"type":"Point","coordinates":[-72.29447802604733,18.57568290542864],"properties":{"id":"PAP"}},{"type":"Point","coordinates":[-98.37575979042302,19.16379354658405],"properties":{"id":"PBC"}},{"type":"Point","coordinates":[-122.5927388812541,45.58895693153053],"properties":{"id":"PDX"}},{"type":"Point","coordinates":[115.9742249422326,-31.941129794578288],"properties":{"id":"PER"}},{"type":"Point","coordinates":[25.611777756760176,-33.98408774313735],"properties":{"id":"PLZ"}},{"type":"Point","coordinates":[-73.09838413364236,-41.433382070226884],"properties":{"id":"PMC"}},{"type":"Point","coordinates":[104.84502761245697,11.552644917651318],"properties":{"id":"PNH"}},{"type":"Point","coordinates":[73.90898381100165,18.579176611532837],"properties":{"id":"PNQ"}},{"type":"Point","coordinates":[147.21125085597714,-9.43865269316142],"properties":{"id":"POM"}},{"type":"Point","coordinates":[-79.38713482154378,9.066872422658388],"properties":{"id":"PTY"}},{"type":"Point","coordinates":[-70.84312378513243,-53.005069825517666],"properties":{"id":"PUQ"}},{"type":"Point","coordinates":[-78.79138140067508,35.8752323452255],"properties":{"id":"RDU"}},{"type":"Point","coordinates":[96.13419461149468,16.90115428182508],"properties":{"id":"RGN"}},{"type":"Point","coordinates":[23.979379111699508,56.922003878609694],"properties":{"id":"RIX"}},{"type":"Point","coordinates":[44.22464679025606,15.47390277557374],"properties":{"id":"SAH"}},{"type":"Point","coordinates":[44.22891253529416,33.26816298637704],"properties":{"id":"SDA"}},{"type":"Point","coordinates":[-69.67647267546673,18.430219694817325],"properties":{"id":"SDQ"}},{"type":"Point","coordinates":[106.66424614137476,10.816300557187912],"properties":{"id":"SGN"}},{"type":"Point","coordinates":[22.976435361061277,40.52387368877751],"properties":{"id":"SKG"}},{"type":"Point","coordinates":[23.402452135770766,42.6891841273195],"properties":{"id":"SOF"}},{"type":"Point","coordinates":[72.74243843725891,21.120450329717173],"properties":{"id":"STV"}},{"type":"Point","coordinates":[178.5600483699593,-18.045899692285367],"properties":{"id":"SUV"}},{"type":"Point","coordinates":[52.58977127452107,29.545801384287437],"properties":{"id":"SYZ"}},{"type":"Point","coordinates":[-97.8698137568394,22.289331952506398],"properties":{"id":"TAM"}},{"type":"Point","coordinates":[-87.21921163489864,14.0599852192071],"properties":{"id":"TGU"}},{"type":"Point","coordinates":[51.32080697175721,35.69137433049459],"properties":{"id":"THR"}},{"type":"Point","coordinates":[19.71503240497222,41.4208514680567],"properties":{"id":"TIA"}},{"type":"Point","coordinates":[-116.97547609559751,32.54604991350133],"properties":{"id":"TIJ"}},{"type":"Point","coordinates":[-99.5706494463542,19.338688042303197],"properties":{"id":"TLC"}},{"type":"Point","coordinates":[24.798964869982985,59.41650146974512],"properties":{"id":"TLL"}},{"type":"Point","coordinates":[34.87084991809952,32.000746850184434],"properties":{"id":"TLV"}},{"type":"Point","coordinates":[6.712821930056672,0.374744213699427],"properties":{"id":"TMS"}},{"type":"Point","coordinates":[47.47535400095789,-18.799334876308173],"properties":{"id":"TNR"}},{"type":"Point","coordinates":[-82.534824252055,27.980040085218384],"properties":{"id":"TPA"}},{"type":"Point","coordinates":[-67.9223617121873,10.15400568839794],"properties":{"id":"VLN"}},{"type":"Point","coordinates":[44.354767968489014,48.79167646576109],"properties":{"id":"VOG"}},{"type":"Point","coordinates":[102.5682381957277,17.975459594832063],"properties":{"id":"VTE"}},{"type":"Point","coordinates":[-63.14038882182134,-17.647946825783897],"properties":{"id":"VVI"}},{"type":"Point","coordinates":[174.81166526823756,-41.32898918446593],"properties":{"id":"WLG"}},{"type":"Point","coordinates":[-130.445587,54.292],"properties":{"id":"YPR"}},{"type":"Point","coordinates":[-82.96008773894485,42.265878472719756],"properties":{"id":"YQG"}},{"type":"Point","coordinates":[-104.65543397537115,50.433219286718334],"properties":{"id":"YQR"}},{"type":"Point","coordinates":[-123.18086700381177,49.19355903957153],"properties":{"id":"YVR"}},{"type":"Point","coordinates":[-97.22676948095848,49.90333024716708],"properties":{"id":"YWG"}},{"type":"Point","coordinates":[-106.69018196755394,52.170143944738115],"properties":{"id":"YXE"}},{"type":"Point","coordinates":[-135.07621008940154,60.714152148139725],"properties":{"id":"YXY"}},{"type":"Point","coordinates":[-114.01056050023648,51.130857256754865],"properties":{"id":"YYC"}},{"type":"Point","coordinates":[-63.131234133323375,46.28581313675246],"properties":{"id":"YYG"}},{"type":"Point","coordinates":[-94.0813639506318,58.7497237849788],"properties":{"id":"YYQ"}},{"type":"Point","coordinates":[-52.743333742863804,47.61311790079545],"properties":{"id":"YYT"}},{"type":"Point","coordinates":[-114.43784633504919,62.470737361020184],"properties":{"id":"YZF"}},{"type":"Point","coordinates":[16.061513800901448,45.73332667309836],"properties":{"id":"ZAG"}},{"type":"Point","coordinates":[39.22233198415581,-6.218570346202824],"properties":{"id":"ZNZ"}},{"type":"Point","coordinates":[-21.94663440313274,64.13187286099006],"properties":{"id":"REK"}},{"type":"Point","coordinates":[40.71334656945939,64.59674377304546],"properties":{"id":"ARH"}},{"type":"Point","coordinates":[49.29844580364066,55.60806014297645],"properties":{"id":"KZN"}},{"type":"Point","coordinates":[2.367379127837731,48.73130304580517],"properties":{"id":"ORY"}},{"type":"Point","coordinates":[-71.38392807117314,46.79156843633076],"properties":{"id":"YQB"}},{"type":"Point","coordinates":[-73.74931626504166,45.45835122945313],"properties":{"id":"YUL"}},{"type":"Point","coordinates":[140.3844017091791,35.764056072782786],"properties":{"id":"NRT"}},{"type":"Point","coordinates":[136.81477128682428,34.85902969581623],"properties":{"id":"NGO"}},{"type":"Point","coordinates":[141.38210045007517,43.11064959909785],"properties":{"id":"OKD"}},{"type":"Point","coordinates":[5.227253115623363,60.28906105029659],"properties":{"id":"BGO"}},{"type":"Point","coordinates":[18.907262429213173,69.67967904734776],"properties":{"id":"TOS"}},{"type":"Point","coordinates":[-48.479560289379336,-1.389746287955464],"properties":{"id":"BEL"}},{"type":"Point","coordinates":[-54.66894987813051,-20.45727173603113],"properties":{"id":"CGR"}},{"type":"Point","coordinates":[-49.173709366346884,-25.536000143055837],"properties":{"id":"CWB"}},{"type":"Point","coordinates":[-38.540747249833416,-3.778594962330909],"properties":{"id":"FOR"}},{"type":"Point","coordinates":[-46.48175360884203,-23.42611557704206],"properties":{"id":"GRU"}},{"type":"Point","coordinates":[-49.22664649059936,-16.632366572163658],"properties":{"id":"GYN"}},{"type":"Point","coordinates":[-51.17704094881724,-29.990193017060918],"properties":{"id":"POA"}},{"type":"Point","coordinates":[-34.91826671748514,-8.131625530762387],"properties":{"id":"REC"}},{"type":"Point","coordinates":[-38.3347989911732,-12.914361497032587],"properties":{"id":"SSA"}},{"type":"Point","coordinates":[-68.79848383944727,-32.82780016927193],"properties":{"id":"MDZ"}},{"type":"Point","coordinates":[-60.04606458988538,-3.032139006259097],"properties":{"id":"MAO"}},{"type":"Point","coordinates":[11.547994139680723,3.714845207081258],"properties":{"id":"NSI"}},{"type":"Point","coordinates":[121.80151876057847,31.152309029553294],"properties":{"id":"PVG"}},{"type":"Point","coordinates":[35.984105236244915,31.97419940154417],"properties":{"id":"ADJ"}},{"type":"Point","coordinates":[73.52739028368441,4.188700903233721],"properties":{"id":"MLE"}},{"type":"Point","coordinates":[-96.18357021436948,19.142423702501713],"properties":{"id":"VER"}},{"type":"Point","coordinates":[-15.651185561666004,11.888923145485485],"properties":{"id":"OXB"}},{"type":"Point","coordinates":[125.64506660943381,7.130537461630729],"properties":{"id":"DVO"}},{"type":"Point","coordinates":[55.51155192467932,-4.671069141785209],"properties":{"id":"SEZ"}},{"type":"Point","coordinates":[-17.490407907719003,14.745630614674791],"properties":{"id":"DKR"}},{"type":"Point","coordinates":[37.23874759810247,19.434105238523106],"properties":{"id":"PZU"}},{"type":"Point","coordinates":[69.26661372411293,41.26223387673829],"properties":{"id":"TAS"}},{"type":"Point","coordinates":[12.64935086845077,55.628501722152784],"properties":{"id":"CPH"}},{"type":"Point","coordinates":[26.085725158776373,44.49704145597203],"properties":{"id":"BBU"}},{"type":"Point","coordinates":[19.26223016778808,47.43327426924795],"properties":{"id":"BUD"}},{"type":"Point","coordinates":[106.63801970481096,29.724042224168777],"properties":{"id":"CKG"}},{"type":"Point","coordinates":[-80.94392773427626,35.220428168559714],"properties":{"id":"CLT"}},{"type":"Point","coordinates":[-83.3478935065615,42.22572045080041],"properties":{"id":"DTW"}},{"type":"Point","coordinates":[-6.243884910371394,53.42700828497004],"properties":{"id":"DUB"}},{"type":"Point","coordinates":[-147.86572112079517,64.81809811173692],"properties":{"id":"FAI"}},{"type":"Point","coordinates":[10.005647830925001,53.63200116408658],"properties":{"id":"HAM"}},{"type":"Point","coordinates":[101.71388632574273,2.747512957918107],"properties":{"id":"KUL"}},{"type":"Point","coordinates":[-115.15132395128332,36.08496023833674],"properties":{"id":"LAS"}},{"type":"Point","coordinates":[-81.30737133079849,28.431150679113763],"properties":{"id":"MCO"}},{"type":"Point","coordinates":[-93.20810037183008,44.882026363196815],"properties":{"id":"MSP"}},{"type":"Point","coordinates":[11.788062719243687,48.35383739616085],"properties":{"id":"MUC"}},{"type":"Point","coordinates":[-75.2429857676998,39.876087236427],"properties":{"id":"PHL"}},{"type":"Point","coordinates":[-112.01363529772982,33.43586076394977],"properties":{"id":"PHX"}},{"type":"Point","coordinates":[-111.98198487999271,40.786729005370844],"properties":{"id":"SLC"}},{"type":"Point","coordinates":[-90.36595453506747,38.742716315520354],"properties":{"id":"STL"}},{"type":"Point","coordinates":[20.97272633835865,52.171026749259035],"properties":{"id":"WAW"}},{"type":"Point","coordinates":[8.562212795347646,47.45238950649155],"properties":{"id":"ZRH"}},{"type":"Point","coordinates":[4.454373629816502,50.45712965495668],"properties":{"id":"CRL"}},{"type":"Point","coordinates":[11.769482859365427,48.349796407837665],"properties":{"id":"MUCf"}},{"type":"Point","coordinates":[2.078003349812917,41.30315527974634],"properties":{"id":"BCN"}},{"type":"Point","coordinates":[14.267484985407632,50.10765117036714],"properties":{"id":"PRG"}},{"type":"Point","coordinates":[113.93501638737635,22.315332828086753],"properties":{"id":"HKG"}},{"type":"Point","coordinates":[121.23137045332327,25.076741104334637],"properties":{"id":"TPE"}},{"type":"Point","coordinates":[4.764376932328117,52.30893238898217],"properties":{"id":"AMS"}},{"type":"Point","coordinates":[103.98641388099333,1.356160835281264],"properties":{"id":"SIN"}},{"type":"Point","coordinates":[-0.453156652063309,51.47099587999384],"properties":{"id":"LHR"}},{"type":"Point","coordinates":[174.79171943371517,-37.00635511428146],"properties":{"id":"AKL"}},{"type":"Point","coordinates":[-149.9817251006328,61.17289367453669],"properties":{"id":"ANC"}},{"type":"Point","coordinates":[-84.42539743360473,33.64052908073521],"properties":{"id":"ATL"}},{"type":"Point","coordinates":[116.58817400466103,40.07876633633102],"properties":{"id":"PEK"}},{"type":"Point","coordinates":[-74.14337180010278,4.69883276192097],"properties":{"id":"BOG"}},{"type":"Point","coordinates":[72.87456395000508,19.095101948840245],"properties":{"id":"BOM"}},{"type":"Point","coordinates":[-71.01640661729584,42.366565819850564],"properties":{"id":"BOS"}},{"type":"Point","coordinates":[-76.66864283524481,39.17939435835678],"properties":{"id":"BWI"}},{"type":"Point","coordinates":[31.39974300671137,30.11199043855749],"properties":{"id":"CAI"}},{"type":"Point","coordinates":[-7.663218807711428,33.56278838510788],"properties":{"id":"CAS"}},{"type":"Point","coordinates":[-67.00574880763165,10.597354914606406],"properties":{"id":"CCS"}},{"type":"Point","coordinates":[18.597656508313793,-33.97044661203954],"properties":{"id":"CPT"}},{"type":"Point","coordinates":[103.95613648169501,30.581071264746427],"properties":{"id":"CTU"}},{"type":"Point","coordinates":[77.0878362565332,28.559203976058605],"properties":{"id":"DEL"}},{"type":"Point","coordinates":[-104.67379733854197,39.84946138815095],"properties":{"id":"DEN"}},{"type":"Point","coordinates":[-97.04037107411442,32.90015055948155],"properties":{"id":"DFW"}},{"type":"Point","coordinates":[100.60257862650514,13.920276601034733],"properties":{"id":"DMK"}},{"type":"Point","coordinates":[55.35407691722429,25.25256559381816],"properties":{"id":"DXB"}},{"type":"Point","coordinates":[-74.1771472796706,40.69047982789292],"properties":{"id":"EWR"}},{"type":"Point","coordinates":[-58.54124569393822,-34.81364693803232],"properties":{"id":"EZE"}},{"type":"Point","coordinates":[-80.14525884651891,26.07170957468273],"properties":{"id":"FLL"}},{"type":"Point","coordinates":[-95.33370479129466,29.9865909034907],"properties":{"id":"IAH"}},{"type":"Point","coordinates":[28.8195493087893,40.977838817779705],"properties":{"id":"IST"}},{"type":"Point","coordinates":[28.23198856487408,-26.13209539948872],"properties":{"id":"JNB"}},{"type":"Point","coordinates":[-134.5835730378724,58.358944104595075],"properties":{"id":"JNU"}},{"type":"Point","coordinates":[-118.40246854852198,33.94417425435857],"properties":{"id":"LAX"}},{"type":"Point","coordinates":[9.279966296910612,45.46039384562522],"properties":{"id":"LIN"}},{"type":"Point","coordinates":[144.84899809113125,-37.66994119678927],"properties":{"id":"MEL"}},{"type":"Point","coordinates":[-99.08260795142392,19.435469572049442],"properties":{"id":"MEX"}},{"type":"Point","coordinates":[121.00412208343747,14.506832376296721],"properties":{"id":"MNL"}},{"type":"Point","coordinates":[36.92508874903655,-1.330529643506341],"properties":{"id":"NBO"}},{"type":"Point","coordinates":[-157.91978317375475,21.33202231502399],"properties":{"id":"HNL"}},{"type":"Point","coordinates":[-87.90513439065003,41.97652910238031],"properties":{"id":"ORD"}},{"type":"Point","coordinates":[46.701829023464015,24.959031743651174],"properties":{"id":"RUH"}},{"type":"Point","coordinates":[-70.79368601629741,-33.396833634259714],"properties":{"id":"SCL"}},{"type":"Point","coordinates":[-122.30228972292387,47.44358191272591],"properties":{"id":"SEA"}},{"type":"Point","coordinates":[-122.38347034444935,37.61702508680535],"properties":{"id":"SFO"}},{"type":"Point","coordinates":[121.34118378856714,31.187257431407843],"properties":{"id":"SHA"}},{"type":"Point","coordinates":[37.41596903484135,55.96644717251199],"properties":{"id":"SVO"}},{"type":"Point","coordinates":[-79.61141932474486,43.68095951863564],"properties":{"id":"YYZ"}},{"type":"Point","coordinates":[151.16606730560102,-33.936583205771655],"properties":{"id":"SYD"}},{"type":"Point","coordinates":[24.968207866591406,60.31871589129821],"properties":{"id":"HEL"}},{"type":"Point","coordinates":[2.541867767394573,49.01442009693855],"properties":{"id":"CDG"}},{"type":"Point","coordinates":[13.2903090925074,52.55442870441009],"properties":{"id":"TXL"}},{"type":"Point","coordinates":[16.560767964212864,48.119756305253766],"properties":{"id":"VIE"}},{"type":"Point","coordinates":[8.571822869076076,50.05067708952074],"properties":{"id":"FRA"}},{"type":"Point","coordinates":[12.250100897363827,41.795078630739425],"properties":{"id":"FCO"}},{"type":"Point","coordinates":[135.4424752562494,34.790198084874866],"properties":{"id":"ITM"}},{"type":"Point","coordinates":[126.80239286027584,37.55730053995078],"properties":{"id":"GMP"}},{"type":"Point","coordinates":[11.099103276258118,60.193578317138616],"properties":{"id":"OSL"}},{"type":"Point","coordinates":[-47.92078851336254,-15.869998500282428],"properties":{"id":"BSB"}},{"type":"Point","coordinates":[-46.659115530219566,-23.626858827009997],"properties":{"id":"CGH"}},{"type":"Point","coordinates":[-43.248381379068306,-22.812343712500642],"properties":{"id":"GIG"}},{"type":"Point","coordinates":[-3.569026654588628,40.46812827339225],"properties":{"id":"MAD"}},{"type":"Point","coordinates":[-66.00422997575475,18.43807707349493],"properties":{"id":"SJU"}},{"type":"Point","coordinates":[17.930729901691585,59.65112033973721],"properties":{"id":"ARN"}},{"type":"Point","coordinates":[106.65429615117164,-6.126602955972902],"properties":{"id":"CGK"}},{"type":"Point","coordinates":[23.94711605540731,37.93623312992537],"properties":{"id":"ATH"}}]}}}