
{"type":"Topology","arcs":[],"objects":{"airports":{"type":"GeometryCollection","geometries":[
{"type":"Point","id":"ATL","coordinates":[2564,6970]},
{"type":"Point","id":"MAD","coordinates":[4850,7520]},
{"type":"Point","id":"SFO","coordinates":[1491,7290]},
{"type":"Point","id":"LAX","coordinates":[1604,6995]},
{"type":"Point","id":"SEA","coordinates":[1494,8081]},
{"type":"Point","id":"ORD","coordinates":[2466,7641]},
{"type":"Point","id":"JFK","coordinates":[2865,7534]},
{"type":"Point","id":"HNL","coordinates":[487,5980]},
{"type":"Point","id":"AMS","coordinates":[5086,8472]},
{"type":"Point","id":"CDG","coordinates":[5023,8207]},
{"type":"Point","id":"LHR","coordinates":[4938,8405]},
{"type":"Point","id":"NRT","coordinates":[8920,7141]},
{"type":"Point","id":"SIN","coordinates":[7891,4373]},
{"type":"Point","id":"IAH","coordinates":[2222,6645]},
{"type":"Point","id":"EWR","coordinates":[2875,7520]},
{"type":"Point","id":"ZRH","coordinates":[5200,8107]},
{"type":"Point","id":"GIG","coordinates":[3730,2430]},
{"type":"Point","id":"JNB","coordinates":[5750,2150]},
{"type":"Point","id":"IAD","coordinates":[2770,7400]},
{"type":"Point","id":"DCA","coordinates":[2780,7380]}
]}},
"arcs":[],"transform":{"scale":[0.03537310564756069,0.012430679950546822],"translate":[-175.135635,-53.005069825517666]}}



